1;2023-04-27;qdboakNqGlEatXdaFyCMc;263.0;
2;2023-04-27;hVsywifWhjZuLc;694.0;
3;2023-04-27;YHpOxFsCJBckyeufsQRXN;444.0;
4;2023-04-27;UOSFADPCtEsjWGcsaJWJV;470.0;
5;2023-04-27;VwEZTQZsTvgqYGlJLnGfkvtWjf;594.0;
6;2023-04-27;FHzjFwFLaJvqfgGuToogXoZkM;173.0;
7;2023-04-27;FyNfgibvCL;678.0;
8;2023-04-27;OpEJEzLxBhVhzpwAIhxWPD;939.0;
9;2023-04-27;LCddmSoKDpsDx;969.0;
10;2023-04-27;shuifloomZUbHPeoTStgXijPSeUn;987.0;
11;2023-04-27;mQrWQDZqOpToFlyBFFYcZSZaUU;585.0;
12;2023-04-27;OXClpnTBJJgalkecjzqluGMd;504.0;
13;2023-04-27;pXZrFROSLuqZnwHbZHIzquD;300.0;
14;2023-04-27;CEBKcujvta;907.0;
15;2023-04-27;vuWjFBgKJNgLhOkrYZmZqW;544.0;
16;2023-04-27;fzolHeeCQAsYRbqo;474.0;
17;2023-04-27;cuHBKWPlqPm;463.0;
18;2023-04-27;CHsCivmyNRCiRTn;252.0;
19;2023-04-27;nUXEEBVuMboguVcBqnULsN;246.0;
20;2023-04-27;AeOIObrdbenIwISwYL;897.0;
21;2023-04-27;RGONpKzXbhhWVkDrSJunYNZqLhw;520.0;
22;2023-04-27;idSQTyfOxX;583.0;
23;2023-04-27;nbgCKDrfCGmmsCQFU;644.0;
24;2023-04-27;XAwzXgLnrTYvWDWvDIRGEGpZC;298.0;
25;2023-04-27;tlVkJCcmascc;742.0;
26;2023-04-27;lnJAzVfZTuaQvrJxpjdz;445.0;
27;2023-04-27;yxCUDzFsnUnarHzoZvl;134.0;
28;2023-04-27;eSsAMyojtBcvJVcYUqvTLw;212.0;
29;2023-04-27;XMzvZFOGXno;390.0;
30;2023-04-27;NcZdViWkIRouWlVAAynHxdZiVppu;681.0;
31;2023-04-27;hGpUpzsJTJvvxHYafrHtIXHELMAAL;371.0;
32;2023-04-27;wagQmrkrHPIYHRcSXcIWjybMJ;917.0;
33;2023-04-27;EtktrQCSTUXygEwDjgajtoXmhDQZ;775.0;
34;2023-04-27;DCEHDtLbnWRPv;488.0;
35;2023-04-27;AGaQEqHkEMZxrLwD;612.0;
36;2023-04-27;vNCSoZLKJtIyjDDthwG;109.0;
37;2023-04-27;pzsVRcMkQHBidfmYE;369.0;
38;2023-04-27;lxPAqvRaZjmfLvkBWEOShUDUa;446.0;
39;2023-04-27;EvAvOOpTuoZlYSkCOGLo;906.0;
40;2023-04-27;uzlyKzWyClNCKGZHPKZVu;345.0;
41;2023-04-27;UBxteHwcUoIlZLwqfXmNdeMqy;530.0;
42;2023-04-27;KqGwYAevFsNb;890.0;
43;2023-04-27;DmwiHSDzznyfqQDA;927.0;
44;2023-04-27;IrUEHevyJnsMXuVcCDhftafwa;561.0;
45;2023-04-27;uAjrxCKHBsE;292.0;
46;2023-04-27;yJBFUVxwHYwJslrVpPjzZqhm;770.0;
47;2023-04-27;jgXlxDZARYzruIYqcdhPKkvpOns;748.0;
48;2023-04-27;BkonCudOkMiyXfCzhRZjvlcXr;461.0;
49;2023-04-27;voTDgqbgjKdBW;809.0;
50;2023-04-27;KhMaAYJmipUzrxCemQlmy;881.0;
